coldep_code,jud_lbl,nume,partid_avb,id_partid,partid,membru_pana,activ_flag
AB1,ALBA,Potor Călin ,PSD,61,PARTIDUL SOCIAL DEMOCRAT,,1
AB2,ALBA,Negruţ Clement ,neafiliat,999,CANDIDAT INDEPENDENT,,1
AB3,ALBA,Simedru Dan Coriolan ,PNL,31,PARTIDUL NAȚIONAL LIBERAL,,1
AB4,ALBA,Comşa Cornel-George ,neafiliat,999,CANDIDAT INDEPENDENT,,1
AB5,ALBA,Dîrzu Ioan ,PSD,61,PARTIDUL SOCIAL DEMOCRAT,,1
AG1,ARGES,Marin Gheorghe ,PSD,61,PARTIDUL SOCIAL DEMOCRAT,,1
AG2,ARGES,Drăghici Mircea-Gheorghe ,PSD,61,PARTIDUL SOCIAL DEMOCRAT,,1
AG3,ARGES,Bucura-Oprescu Simona ,PSD,61,PARTIDUL SOCIAL DEMOCRAT,,1
AG4,ARGES,Nicolescu Theodor-Cătălin ,PNL,31,PARTIDUL NAȚIONAL LIBERAL,,1
AG5,ARGES,Niculescu Duvăz Bogdan Nicolae ,PSD,61,PARTIDUL SOCIAL DEMOCRAT,,1
AG6,ARGES,Vasilică Radu Costin ,PSD,61,PARTIDUL SOCIAL DEMOCRAT,,1
AG7,ARGES,Constantin Daniel ,PC-PLR,99,PARTIDUL CONSERVATOR PARTIDUL LIBERAL REFORMATOR,,1
AG8,ARGES,Gerea Andrei Dominic ,PC-PLR,99,PARTIDUL CONSERVATOR PARTIDUL LIBERAL REFORMATOR,,1
AG9,ARGES,Rădulescu Cătălin-Marian ,PSD,61,PARTIDUL SOCIAL DEMOCRAT,,1
AR1,ARAD,Măduţa Flavius-Luigi ,PSD,61,PARTIDUL SOCIAL DEMOCRAT,,1
AR2,ARAD,Boghicevici Claudia ,PDL,15,PARTIDUL DEMOCRAT LIBERAL,,1
AR3,ARAD,Şcheau Ion ,PDL,15,PARTIDUL DEMOCRAT LIBERAL,,1
AR4,ARAD,Calimente Mihăiţă ,PNL,31,PARTIDUL NAȚIONAL LIBERAL,,1
AR5,ARAD,Pistru-Popa Eusebiu-Manea ,PDL,15,PARTIDUL DEMOCRAT LIBERAL,,1
AR6,ARAD,Căprar Dorel-Gheorghe ,PSD,61,PARTIDUL SOCIAL DEMOCRAT,,1
AR7,ARAD,Dalca Ştefan-Petru ,PP-DD,57,PARTIDUL POPORULUI - DAN DIACONESCU,,1
B1,BUCURESTI,Nistor Gheorghe-Vlad ,PNL,31,PARTIDUL NAȚIONAL LIBERAL,,1
B10,BUCURESTI,Alexe Florin-Alexandru ,PNL,31,PARTIDUL NAȚIONAL LIBERAL,,1
B11,BUCURESTI,Nicolăescu Gheorghe-Eugen ,PNL,31,PARTIDUL NAȚIONAL LIBERAL,,1
B12,BUCURESTI,Ispir Raluca-Cristina ,PNL,31,PARTIDUL NAȚIONAL LIBERAL,,1
B13,BUCURESTI,Vulpescu Ioan ,PSD,61,PARTIDUL SOCIAL DEMOCRAT,,1
B14,BUCURESTI,Podaşcă Gabriela-Maria ,PSD,61,PARTIDUL SOCIAL DEMOCRAT,,1
B15,BUCURESTI,Petrache Adrian-Alin ,PSD,61,PARTIDUL SOCIAL DEMOCRAT,11 iun. 2014,2
B16,BUCURESTI,Tănăsescu Claudiu-Andrei ,PC-PLR,99,PARTIDUL CONSERVATOR PARTIDUL LIBERAL REFORMATOR,,1
B17,BUCURESTI,Diaconu Mihai-Bogdan ,neafiliat,999,CANDIDAT INDEPENDENT,,1
B18,BUCURESTI,Bănicioiu Nicolae ,PSD,61,PARTIDUL SOCIAL DEMOCRAT,,1
B19,BUCURESTI,Giurescu Dinu ,PC-PLR,99,PARTIDUL CONSERVATOR PARTIDUL LIBERAL REFORMATOR,12 mai 2014,2
B2,BUCURESTI,Tuşa Adriana Diana ,PDL,15,PARTIDUL DEMOCRAT LIBERAL,,1
B20,BUCURESTI,Chiriţă Dumitru ,PSD,61,PARTIDUL SOCIAL DEMOCRAT,,1
B21,BUCURESTI,Pop Georgian ,PSD,61,PARTIDUL SOCIAL DEMOCRAT,,1
B22,BUCURESTI,Gorghiu Alina-Ştefania ,PNL,31,PARTIDUL NAȚIONAL LIBERAL,,1
B23,BUCURESTI,Niculescu-Mizil Ştefănescu Oana ,PSD,61,PARTIDUL SOCIAL DEMOCRAT,,1
B24,BUCURESTI,Sturzu Mihai-Răzvan ,PSD,61,PARTIDUL SOCIAL DEMOCRAT,,1
B25,BUCURESTI,Becali George ,PNL,31,PARTIDUL NAȚIONAL LIBERAL,20 mai. 2013,2
B26,BUCURESTI,Mironescu Răzvan Horia ,PNL,31,PARTIDUL NAȚIONAL LIBERAL,,1
B27,BUCURESTI,Florea Damian ,PC-PLR,99,PARTIDUL CONSERVATOR PARTIDUL LIBERAL REFORMATOR,,1
B28,BUCURESTI,Mihăilescu Ion-Bogdan ,PSD,61,PARTIDUL SOCIAL DEMOCRAT,,1
B3,BUCURESTI,Orban Ludovic ,PNL,31,PARTIDUL NAȚIONAL LIBERAL,,1
B4,BUCURESTI,Tudorache Daniel ,PSD,61,PARTIDUL SOCIAL DEMOCRAT,,1
B5,BUCURESTI,Popescu Dumitru-Iulian ,PSD (membru UNPR),63,UNIUNEA NAȚIONALĂ PENTRU PROGRESUL ROMÂNIEI,,1
B6,BUCURESTI,Nassar Rodica ,PSD,61,PARTIDUL SOCIAL DEMOCRAT,,1
B7,BUCURESTI,Tudorie Violeta ,PSD,61,PARTIDUL SOCIAL DEMOCRAT,,1
B8,BUCURESTI,Popescu Dan-Cristian ,PDL,15,PARTIDUL DEMOCRAT LIBERAL,,1
B9,BUCURESTI,Budurescu Daniel-Stamate ,PNL,31,PARTIDUL NAȚIONAL LIBERAL,,1
BC1,BACAU,Marcu Nicu ,PC-PLR,99,PARTIDUL CONSERVATOR PARTIDUL LIBERAL REFORMATOR,,1
BC10,BACAU,Vlase Petru Gabriel ,PSD,61,PARTIDUL SOCIAL DEMOCRAT,,1
BC2,BACAU,Necula Cosmin ,PSD,61,PARTIDUL SOCIAL DEMOCRAT,,1
BC3,BACAU,Ciubotaru Lucian-Manuel ,PNL,31,PARTIDUL NAȚIONAL LIBERAL,,1
BC4,BACAU,Şova Lucian ,PSD,61,PARTIDUL SOCIAL DEMOCRAT,,1
BC5,BACAU,Melinte Ion ,PSD,61,PARTIDUL SOCIAL DEMOCRAT,,1
BC6,BACAU,Avram Constantin ,PC-PLR,99,PARTIDUL CONSERVATOR PARTIDUL LIBERAL REFORMATOR,,1
BC7,BACAU,Smarandache Miron Alexandru ,PSD,61,PARTIDUL SOCIAL DEMOCRAT,,1
BC8,BACAU,Iancu Iulian ,PSD,61,PARTIDUL SOCIAL DEMOCRAT,,1
BC9,BACAU,Hrebenciuc Viorel ,PSD,61,PARTIDUL SOCIAL DEMOCRAT,21 oct. 2014,2
BH1,BIHOR,Cseke Attila-Zoltán ,UDMR,38,UNIUNEA DEMOCRATĂ MAGHIARĂ DIN ROMÂNIA,,1
BH2,BIHOR,Szabó Ödön ,UDMR,38,UNIUNEA DEMOCRATĂ MAGHIARĂ DIN ROMÂNIA,,1
BH3,BIHOR,Varga Lucia-Ana ,PNL,31,PARTIDUL NAȚIONAL LIBERAL,,1
BH4,BIHOR,Costin Gheorghe ,PNL,31,PARTIDUL NAȚIONAL LIBERAL,,1
BH5,BIHOR,Bogdan Gheorghe-Dănuţ ,PSD,61,PARTIDUL SOCIAL DEMOCRAT,,1
BH6,BIHOR,Roman Ioan Sorin ,PSD,61,PARTIDUL SOCIAL DEMOCRAT,,1
BH7,BIHOR,Drăghici Sonia-Maria ,PSD,61,PARTIDUL SOCIAL DEMOCRAT,,1
BH8,BIHOR,Cupşa Ioan ,PNL,31,PARTIDUL NAȚIONAL LIBERAL,,1
BH9,BIHOR,Cherecheş Florica ,PNL,31,PARTIDUL NAȚIONAL LIBERAL,,1
BN1,BISTRITA-NASAUD,Pană Adriana-Doina ,PSD,61,PARTIDUL SOCIAL DEMOCRAT,,1
BN2,BISTRITA-NASAUD,Suciu Vasile-Daniel ,PSD,61,PARTIDUL SOCIAL DEMOCRAT,,1
BN3,BISTRITA-NASAUD,Oltean Ioan ,PDL,15,PARTIDUL DEMOCRAT LIBERAL,,1
BN4,BISTRITA-NASAUD,Dolha Nechita-Stelian ,PNL,31,PARTIDUL NAȚIONAL LIBERAL,,1
BR1,BRAILA,Petrea Dorin Silviu ,PSD (membru UNPR),63,UNIUNEA NAȚIONALĂ PENTRU PROGRESUL ROMÂNIEI,,1
BR2,BRAILA,Varga Vasile ,PNL,31,PARTIDUL NAȚIONAL LIBERAL,,1
BR3,BRAILA,Dragomir Viorel Marian ,PSD,61,PARTIDUL SOCIAL DEMOCRAT,,1
BR4,BRAILA,Tudose Mihai ,PSD,61,PARTIDUL SOCIAL DEMOCRAT,,1
BR5,BRAILA,Rizea Cristian ,PSD,61,PARTIDUL SOCIAL DEMOCRAT,,1
BT1,BOTOSANI,Gireadă Dumitru-Verginel ,PNL,31,PARTIDUL NAȚIONAL LIBERAL,,1
BT2,BOTOSANI,Dolineaschi Andrei ,PSD,61,PARTIDUL SOCIAL DEMOCRAT,,1
BT3,BOTOSANI,Anuşca Roxana-Florentina ,PNL,31,PARTIDUL NAȚIONAL LIBERAL,,1
BT4,BOTOSANI,Şoptică Costel ,PNL,31,PARTIDUL NAȚIONAL LIBERAL,,1
BT5,BOTOSANI,Baltă Mihai ,PSD,61,PARTIDUL SOCIAL DEMOCRAT,,1
BT6,BOTOSANI,Ciofu Tamara-Dorina ,PSD,61,PARTIDUL SOCIAL DEMOCRAT,,1
BV1,BRASOV,Zamfir Daniel-Cătălin ,PNL,31,PARTIDUL NAȚIONAL LIBERAL,,1
BV2,BRASOV,Ochi Ion ,PSD,61,PARTIDUL SOCIAL DEMOCRAT,,1
BV3,BRASOV,Grecea Maria ,PNL,31,PARTIDUL NAȚIONAL LIBERAL,,1
BV4,BRASOV,Niţă Constantin ,PSD,61,PARTIDUL SOCIAL DEMOCRAT,,1
BV5,BRASOV,Niţă Emil ,PSD,61,PARTIDUL SOCIAL DEMOCRAT,,1
BV6,BRASOV,Adam Ioan ,PSD,61,PARTIDUL SOCIAL DEMOCRAT,,1
BV7,BRASOV,Diniţă Ion ,PC-PLR,99,PARTIDUL CONSERVATOR PARTIDUL LIBERAL REFORMATOR,,1
BV8,BRASOV,Roman Petre ,PNL,31,PARTIDUL NAȚIONAL LIBERAL,,1
BZ1,BUZAU,Scutaru Adrian George ,PNL,31,PARTIDUL NAȚIONAL LIBERAL,,1
BZ2,BUZAU,Mocanu Adrian ,PSD,61,PARTIDUL SOCIAL DEMOCRAT,,1
BZ3,BUZAU,Holban Titi ,PSD (membru UNPR),63,UNIUNEA NAȚIONALĂ PENTRU PROGRESUL ROMÂNIEI,,1
BZ4,BUZAU,Cocei Erland ,PNL,31,PARTIDUL NAȚIONAL LIBERAL,,1
BZ5,BUZAU,Ghiveciu Marian ,PSD,61,PARTIDUL SOCIAL DEMOCRAT,,1
BZ6,BUZAU,Nicolicea Eugen ,PSD (membru UNPR),63,UNIUNEA NAȚIONALĂ PENTRU PROGRESUL ROMÂNIEI,,1
BZ7,BUZAU,Ciolacu Ion-Marcel ,PSD,61,PARTIDUL SOCIAL DEMOCRAT,,1
CJ1,CLUJ,Oros Nechita-Adrian ,PNL,31,PARTIDUL NAȚIONAL LIBERAL,,1
CJ10,CLUJ,Máté András-Levente ,UDMR,38,UNIUNEA DEMOCRATĂ MAGHIARĂ DIN ROMÂNIA,,1
CJ2,CLUJ,Cătăniciu Steluţa-Gustica ,PC-PLR,99,PARTIDUL CONSERVATOR PARTIDUL LIBERAL REFORMATOR,,1
CJ3,CLUJ,Cristea Aurelia ,PSD,61,PARTIDUL SOCIAL DEMOCRAT,,1
CJ4,CLUJ,Gurzău Adrian ,neafiliat,999,CANDIDAT INDEPENDENT,,1
CJ5,CLUJ,Zlati Radu ,PNL,31,PARTIDUL NAȚIONAL LIBERAL,,1
CJ6,CLUJ,Itu Cornel ,PSD,61,PARTIDUL SOCIAL DEMOCRAT,,1
CJ7,CLUJ,Moldovan Ioan ,PC-PLR,99,PARTIDUL CONSERVATOR PARTIDUL LIBERAL REFORMATOR,,1
CJ8,CLUJ,Irimie Vicenţiu-Mircea ,PC-PLR,99,PARTIDUL CONSERVATOR PARTIDUL LIBERAL REFORMATOR,,1
CJ9,CLUJ,Uioreanu Elena-Ramona ,PNL,31,PARTIDUL NAȚIONAL LIBERAL,,1
CL1,CALARASI,Florea Daniel ,PSD,61,PARTIDUL SOCIAL DEMOCRAT,,1
CL2,CALARASI,Iliuţă Vasile ,PDL,15,PARTIDUL DEMOCRAT LIBERAL,,1
CL3,CALARASI,Motreanu Dan-Ştefan ,PNL,31,PARTIDUL NAȚIONAL LIBERAL,,1
CL4,CALARASI,Niculae Aurel ,PSD (membru UNPR),63,UNIUNEA NAȚIONALĂ PENTRU PROGRESUL ROMÂNIEI,,1
CL5,CALARASI,Surdu Raluca ,PNL,31,PARTIDUL NAȚIONAL LIBERAL,,1
CS1,CARAS-SEVERIN,Benga Ioan ,PSD,61,PARTIDUL SOCIAL DEMOCRAT,,1
CS2,CARAS-SEVERIN,Tocuţ Dan-Laurenţiu ,PC-PLR,99,PARTIDUL CONSERVATOR PARTIDUL LIBERAL REFORMATOR,,1
CS3,CARAS-SEVERIN,Tabugan Ion ,PSD (membru UNPR),63,UNIUNEA NAȚIONALĂ PENTRU PROGRESUL ROMÂNIEI,,1
CS4,CARAS-SEVERIN,Rusu Valentin ,PNL,31,PARTIDUL NAȚIONAL LIBERAL,,1
CS5,CARAS-SEVERIN,Mocioalcă Ion ,PSD,61,PARTIDUL SOCIAL DEMOCRAT,,1
CT1,CONSTANTA,Dragomir Gheorghe ,PNL,31,PARTIDUL NAȚIONAL LIBERAL,,1
CT10,CONSTANTA,Voicu Mădălin-Ştefan ,PSD,61,PARTIDUL SOCIAL DEMOCRAT,,1
CT2,CONSTANTA,Lupu Mihai ,PNL,31,PARTIDUL NAȚIONAL LIBERAL,,1
CT3,CONSTANTA,Dumitrache Ileana Cristina ,PSD,61,PARTIDUL SOCIAL DEMOCRAT,,1
CT4,CONSTANTA,Babuş Radu ,PSD,61,PARTIDUL SOCIAL DEMOCRAT,,1
CT5,CONSTANTA,Manea Victor-Gheorghe ,PNL,31,PARTIDUL NAȚIONAL LIBERAL,,1
CT6,CONSTANTA,Martin Eduard-Stelian ,PSD,61,PARTIDUL SOCIAL DEMOCRAT,,1
CT7,CONSTANTA,Dobre Mircea-Titus ,PSD,61,PARTIDUL SOCIAL DEMOCRAT,,1
CT8,CONSTANTA,Mitrea Manuela ,PSD,61,PARTIDUL SOCIAL DEMOCRAT,,1
CT9,CONSTANTA,Culeţu Dănuţ ,PDL,15,PARTIDUL DEMOCRAT LIBERAL,,1
CV1,COVASNA,Markó Attila-Gabor ,UDMR,38,UNIUNEA DEMOCRATĂ MAGHIARĂ DIN ROMÂNIA,,1
CV2,COVASNA,Márton Árpád-Francisc ,UDMR,38,UNIUNEA DEMOCRATĂ MAGHIARĂ DIN ROMÂNIA,,1
CV3,COVASNA,Fejér László-Ődőn ,UDMR,38,UNIUNEA DEMOCRATĂ MAGHIARĂ DIN ROMÂNIA,,1
CV4,COVASNA,Grama Horia ,PSD,61,PARTIDUL SOCIAL DEMOCRAT,,1
DB1,DAMBOVITA,Horga Vasile ,PNL,31,PARTIDUL NAȚIONAL LIBERAL,,1
DB2,DAMBOVITA,Plumb Rovana ,PSD,61,PARTIDUL SOCIAL DEMOCRAT,,1
DB3,DAMBOVITA,Stan Ion ,PSD,61,PARTIDUL SOCIAL DEMOCRAT,,1
DB4,DAMBOVITA,Popa Radu Mihai ,PSD,61,PARTIDUL SOCIAL DEMOCRAT,,1
DB5,DAMBOVITA,Stanciu Zisu ,PSD,61,PARTIDUL SOCIAL DEMOCRAT,,1
DB6,DAMBOVITA,Dumitru Georgică ,PC-PLR,99,PARTIDUL CONSERVATOR PARTIDUL LIBERAL REFORMATOR,,1
DB7,DAMBOVITA,Săvoiu Ionuţ-Cristian ,PSD,61,PARTIDUL SOCIAL DEMOCRAT,,1
DB8,DAMBOVITA,Moldovan Carmen Ileana ,PSD,61,PARTIDUL SOCIAL DEMOCRAT,,1
DJ1,DOLJ,Enea Constantin-Cosmin ,PSD,61,PARTIDUL SOCIAL DEMOCRAT,,1
DJ10,DOLJ,Călin Ion ,PSD,61,PARTIDUL SOCIAL DEMOCRAT,,1
DJ2,DOLJ,Vasilescu Nicolae ,PSD,61,PARTIDUL SOCIAL DEMOCRAT,10 dec. 2013,2
DJ3,DOLJ,Stroe Ionuţ-Marian ,PNL,31,PARTIDUL NAȚIONAL LIBERAL,,1
DJ4,DOLJ,Gust Băloşin Florentin ,PSD,61,PARTIDUL SOCIAL DEMOCRAT,,1
DJ5,DOLJ,Petrescu Petre ,PSD,61,PARTIDUL SOCIAL DEMOCRAT,,1
DJ6,DOLJ,Manda Iulian Claudiu ,PSD,61,PARTIDUL SOCIAL DEMOCRAT,,1
DJ7,DOLJ,Voicu Mihai Alexandru ,PNL,31,PARTIDUL NAȚIONAL LIBERAL,,1
DJ8,DOLJ,Iane Daniel ,PNL,31,PARTIDUL NAȚIONAL LIBERAL,,1
DJ9,DOLJ,Zgonea Valeriu Ştefan ,PSD,61,PARTIDUL SOCIAL DEMOCRAT,,1
GJ1,GORJ,Cupă Ion ,PC-PLR,99,PARTIDUL CONSERVATOR PARTIDUL LIBERAL REFORMATOR,,1
GJ2,GORJ,Weber Mihai ,PSD,61,PARTIDUL SOCIAL DEMOCRAT,,1
GJ3,GORJ,Iriza Scarlat ,PSD,61,PARTIDUL SOCIAL DEMOCRAT,,1
GJ4,GORJ,Khraibani Camelia ,PSD,61,PARTIDUL SOCIAL DEMOCRAT,,1
GJ5,GORJ,Popeangă Vasile ,PSD,61,PARTIDUL SOCIAL DEMOCRAT,,1
GJ6,GORJ,Ponta Victor-Viorel ,PSD,61,PARTIDUL SOCIAL DEMOCRAT,,1
GL1,GALATI,Dobre Victor Paul ,PNL,31,PARTIDUL NAȚIONAL LIBERAL,,1
GL2,GALATI,Toader Mircea-Nicu ,PDL,15,PARTIDUL DEMOCRAT LIBERAL,,1
GL3,GALATI,Scarlat George ,PNL,31,PARTIDUL NAȚIONAL LIBERAL,,1
GL4,GALATI,Ştefan Viorel ,PSD,61,PARTIDUL SOCIAL DEMOCRAT,,1
GL5,GALATI,Nica Dan ,PSD,61,PARTIDUL SOCIAL DEMOCRAT,23 iun. 2014,2
GL6,GALATI,Pâslaru Florin-Costin ,PSD,61,PARTIDUL SOCIAL DEMOCRAT,,1
GL7,GALATI,Roşca Lucreţia ,PSD,61,PARTIDUL SOCIAL DEMOCRAT,,1
GL8,GALATI,Ciucă Liviu-Bogdan ,PC-PLR,99,PARTIDUL CONSERVATOR PARTIDUL LIBERAL REFORMATOR,,1
GL9,GALATI,Nechita Aurel ,PSD,61,PARTIDUL SOCIAL DEMOCRAT,4 iun. 2013,2
GR1,GIURGIU,Nicolae Florian ,PSD,61,PARTIDUL SOCIAL DEMOCRAT,,1
GR2,GIURGIU,Anton Marin ,neafiliat,999,CANDIDAT INDEPENDENT,,1
GR3,GIURGIU,Ciobanu Liliana ,PP-DD,57,PARTIDUL POPORULUI - DAN DIACONESCU,,1
GR4,GIURGIU,Chiţoiu Daniel ,PC-PLR,99,PARTIDUL CONSERVATOR PARTIDUL LIBERAL REFORMATOR,,1
HD1,HUNEDOARA,Nistor Laurenţiu ,PSD,61,PARTIDUL SOCIAL DEMOCRAT,,1
HD2,HUNEDOARA,Intotero Natalia-Elena ,PSD,61,PARTIDUL SOCIAL DEMOCRAT,,1
HD3,HUNEDOARA,Marica Petru-Sorin ,PSD,61,PARTIDUL SOCIAL DEMOCRAT,,1
HD4,HUNEDOARA,Resmeriţă Cornel-Cristian ,PSD,61,PARTIDUL SOCIAL DEMOCRAT,,1
HD5,HUNEDOARA,Iacob Ridzi Monica Maria ,PSD (membru UNPR),63,UNIUNEA NAȚIONALĂ PENTRU PROGRESUL ROMÂNIEI,,1
HD6,HUNEDOARA,Muntean Mircia ,PSD,61,PARTIDUL SOCIAL DEMOCRAT,,1
HD7,HUNEDOARA,Hărău Eleonora-Carmen ,PNL,31,PARTIDUL NAȚIONAL LIBERAL,,1
HR1,HARGHITA,Korodi Attila ,UDMR,38,UNIUNEA DEMOCRATĂ MAGHIARĂ DIN ROMÂNIA,,1
HR2,HARGHITA,Kelemen Hunor ,UDMR,38,UNIUNEA DEMOCRATĂ MAGHIARĂ DIN ROMÂNIA,,1
HR3,HARGHITA,Antal István ,UDMR,38,UNIUNEA DEMOCRATĂ MAGHIARĂ DIN ROMÂNIA,,1
HR4,HARGHITA,Moldovan Iosif ,UDMR,38,UNIUNEA DEMOCRATĂ MAGHIARĂ DIN ROMÂNIA,,1
HR5,HARGHITA,Duşa Mircea ,PSD,61,PARTIDUL SOCIAL DEMOCRAT,,1
IF1,ILFOV,Stroe Radu ,PC-PLR,99,PARTIDUL CONSERVATOR PARTIDUL LIBERAL REFORMATOR,,1
IF2,ILFOV,Peia Ninel ,PSD,61,PARTIDUL SOCIAL DEMOCRAT,,1
IF3,ILFOV,Thuma Hubert Petru Ştefan ,PNL,31,PARTIDUL NAȚIONAL LIBERAL,,1
IF4,ILFOV,Hellvig Eduard Raul ,PNL,31,PARTIDUL NAȚIONAL LIBERAL,3 sep. 2013,2
IL1,IALOMITA,Pocora Cristina-Ancuţa ,PNL,31,PARTIDUL NAȚIONAL LIBERAL,,1
IL2,IALOMITA,Neacşu Marian ,PSD,61,PARTIDUL SOCIAL DEMOCRAT,,1
IL3,IALOMITA,Găină Mihăiţă ,PSD,61,PARTIDUL SOCIAL DEMOCRAT,,1
IL4,IALOMITA,Gheorghe Tinel ,PDL,15,PARTIDUL DEMOCRAT LIBERAL,,1
IS1,IASI,Cozmanciuc Corneliu-Mugurel ,PNL,31,PARTIDUL NAȚIONAL LIBERAL,,1
IS10,IASI,Iacoban Sorin-Avram ,PSD,61,PARTIDUL SOCIAL DEMOCRAT,,1
IS11,IASI,Crăciunescu Grigore ,PNL,31,PARTIDUL NAȚIONAL LIBERAL,,1
IS12,IASI,Doboş Anton ,PNL,31,PARTIDUL NAȚIONAL LIBERAL,,1
IS2,IASI,Fenechiu Relu ,PNL,31,PARTIDUL NAȚIONAL LIBERAL,30 ian. 2014,2
IS3,IASI,Adăscăliţei Constantin ,PSD,61,PARTIDUL SOCIAL DEMOCRAT,,1
IS4,IASI,Mocanu Vasile ,PSD,61,PARTIDUL SOCIAL DEMOCRAT,,1
IS5,IASI,Răţoi Neculai ,PSD,61,PARTIDUL SOCIAL DEMOCRAT,,1
IS6,IASI,Stanciu Anghel ,PSD,61,PARTIDUL SOCIAL DEMOCRAT,,1
IS7,IASI,Alexe Costel ,PNL,31,PARTIDUL NAȚIONAL LIBERAL,,1
IS8,IASI,Emacu Gheorghe ,PSD (membru UNPR),63,UNIUNEA NAȚIONALĂ PENTRU PROGRESUL ROMÂNIEI,,1
IS9,IASI,Nichita Cristina ,PSD,61,PARTIDUL SOCIAL DEMOCRAT,,1
MH1,MEHEDINTI,Traicu Rodin ,PSD,61,PARTIDUL SOCIAL DEMOCRAT,,1
MH2,MEHEDINTI,Daea Petre ,PSD,61,PARTIDUL SOCIAL DEMOCRAT,,1
MH3,MEHEDINTI,Palaşcă Viorel ,PC-PLR,99,PARTIDUL CONSERVATOR PARTIDUL LIBERAL REFORMATOR,,1
MH4,MEHEDINTI,Manolache Marius ,PSD,61,PARTIDUL SOCIAL DEMOCRAT,,1
MM1,MARAMURES,Dolha Mircea ,PNL,31,PARTIDUL NAȚIONAL LIBERAL,,1
MM2,MARAMURES,Tătaru Florin-Cristian ,PSD,61,PARTIDUL SOCIAL DEMOCRAT,,1
MM3,MARAMURES,Matei Călin-Vasile-Andrei ,PSD,61,PARTIDUL SOCIAL DEMOCRAT,,1
MM4,MARAMURES,Man Mircea ,PDL,15,PARTIDUL DEMOCRAT LIBERAL,,1
MM5,MARAMURES,Şimon Gheorghe ,PSD,61,PARTIDUL SOCIAL DEMOCRAT,,1
MM6,MARAMURES,Negruţ Cornelia ,PC-PLR,99,PARTIDUL CONSERVATOR PARTIDUL LIBERAL REFORMATOR,,1
MM7,MARAMURES,Berci Vasile ,PNL,31,PARTIDUL NAȚIONAL LIBERAL,,1
MS1,MURES,Kerekes Károly ,UDMR,38,UNIUNEA DEMOCRATĂ MAGHIARĂ DIN ROMÂNIA,,1
MS2,MURES,Buicu Corneliu-Florin ,PSD,61,PARTIDUL SOCIAL DEMOCRAT,,1
MS3,MURES,Kelemen Atilla-Béla-László ,UDMR,38,UNIUNEA DEMOCRATĂ MAGHIARĂ DIN ROMÂNIA,,1
MS4,MURES,Urcan Ionaş-Florin ,PDL,15,PARTIDUL DEMOCRAT LIBERAL,,1
MS5,MURES,Borbély László ,UDMR,38,UNIUNEA DEMOCRATĂ MAGHIARĂ DIN ROMÂNIA,,1
MS6,MURES,Sefer Cristian-George ,PSD (membru UNPR),63,UNIUNEA NAȚIONALĂ PENTRU PROGRESUL ROMÂNIEI,,1
MS7,MURES,Chirteş Ioan-Cristian ,PNL,31,PARTIDUL NAȚIONAL LIBERAL,,1
MS8,MURES,Gliga Vasile Ghiorghe ,PSD,61,PARTIDUL SOCIAL DEMOCRAT,,1
NT1,NEAMT,Drăguşanu Vasile-Cătălin ,PC-PLR,99,PARTIDUL CONSERVATOR PARTIDUL LIBERAL REFORMATOR,,1
NT2,NEAMT,Marcoci Vlad ,PSD,61,PARTIDUL SOCIAL DEMOCRAT,,1
NT3,NEAMT,Harbuz Liviu ,PSD,61,PARTIDUL SOCIAL DEMOCRAT,,1
NT4,NEAMT,Udrea Elena Gabriela ,neafiliat,999,CANDIDAT INDEPENDENT,,1
NT5,NEAMT,Munteanu Ioan ,PSD,61,PARTIDUL SOCIAL DEMOCRAT,,1
NT6,NEAMT,Ursărescu Dorinel ,PC-PLR,99,PARTIDUL CONSERVATOR PARTIDUL LIBERAL REFORMATOR,,1
NT7,NEAMT,Arsene Ionel ,PSD,61,PARTIDUL SOCIAL DEMOCRAT,,1
NT8,NEAMT,Enache Marian ,PSD (membru UNPR),63,UNIUNEA NAȚIONALĂ PENTRU PROGRESUL ROMÂNIEI,,1
OT1,OLT,Moţ Constantin-Stelian-Emil ,PSD,61,PARTIDUL SOCIAL DEMOCRAT,,1
OT2,OLT,Bărbulescu Daniel-Ionuţ ,PSD,61,PARTIDUL SOCIAL DEMOCRAT,,1
OT3,OLT,Iordache Florin ,PSD,61,PARTIDUL SOCIAL DEMOCRAT,,1
OT4,OLT,Delureanu Virgil ,PSD,61,PARTIDUL SOCIAL DEMOCRAT,,1
OT5,OLT,Ciocan Dan ,PSD,61,PARTIDUL SOCIAL DEMOCRAT,,1
OT6,OLT,Ştirbu Gigel-Sorinel ,PNL,31,PARTIDUL NAȚIONAL LIBERAL,,1
OT7,OLT,Stănescu Alexandru ,PSD,61,PARTIDUL SOCIAL DEMOCRAT,,1
PH1,PRAHOVA,Roşca Mircea ,PNL,31,PARTIDUL NAȚIONAL LIBERAL,,1
PH10,PRAHOVA,Eparu Ion ,PSD,61,PARTIDUL SOCIAL DEMOCRAT,,1
PH11,PRAHOVA,Anastase Roberta Alma ,PDL,15,PARTIDUL DEMOCRAT LIBERAL,,1
PH12,PRAHOVA,Sava Andrei-Valentin ,PSD,61,PARTIDUL SOCIAL DEMOCRAT,,1
PH2,PRAHOVA,Guran Virgil ,PC-PLR,99,PARTIDUL CONSERVATOR PARTIDUL LIBERAL REFORMATOR,,1
PH3,PRAHOVA,Gavrilescu Graţiela Leocadia ,PC-PLR,99,PARTIDUL CONSERVATOR PARTIDUL LIBERAL REFORMATOR,,1
PH4,PRAHOVA,Ghiţă Sebastian-Aurelian ,PSD,61,PARTIDUL SOCIAL DEMOCRAT,,1
PH5,PRAHOVA,Teju Sorin ,PC-PLR,99,PARTIDUL CONSERVATOR PARTIDUL LIBERAL REFORMATOR,,1
PH6,PRAHOVA,Tănase Răzvan-Ionuţ ,PSD (membru UNPR),63,UNIUNEA NAȚIONALĂ PENTRU PROGRESUL ROMÂNIEI,,1
PH7,PRAHOVA,Nicolae Alexandri ,PC-PLR,99,PARTIDUL CONSERVATOR PARTIDUL LIBERAL REFORMATOR,,1
PH8,PRAHOVA,Cosma Vlad-Alexandru ,PSD,61,PARTIDUL SOCIAL DEMOCRAT,,1
PH9,PRAHOVA,Ionescu George ,PDL,15,PARTIDUL DEMOCRAT LIBERAL,,1
SB1,SIBIU,Tămâian Ioan ,PNL,31,PARTIDUL NAȚIONAL LIBERAL,,1
SB2,SIBIU,Turcan Raluca ,PDL,15,PARTIDUL DEMOCRAT LIBERAL,,1
SB3,SIBIU,Roman Gheorghe ,PSD,61,PARTIDUL SOCIAL DEMOCRAT,,1
SB4,SIBIU,Axente Ioan ,PSD,61,PARTIDUL SOCIAL DEMOCRAT,,1
SB5,SIBIU,Frăticiu Gheorghe ,PSD,61,PARTIDUL SOCIAL DEMOCRAT,,1
SB6,SIBIU,Cazan Mircea-Vasile ,PNL,31,PARTIDUL NAȚIONAL LIBERAL,,1
SJ1,SALAJ,Bode Lucian Nicolae ,PDL,15,PARTIDUL DEMOCRAT LIBERAL,,1
SJ2,SALAJ,Seres Dénes ,UDMR,38,UNIUNEA DEMOCRATĂ MAGHIARĂ DIN ROMÂNIA,,1
SJ3,SALAJ,Nosa Iuliu ,PSD,61,PARTIDUL SOCIAL DEMOCRAT,,1
SJ4,SALAJ,Taloş Gheorghe-Mirel ,PC-PLR,99,PARTIDUL CONSERVATOR PARTIDUL LIBERAL REFORMATOR,,1
SM1,SATU MARE,Paul Maria-Andreea ,PDL,15,PARTIDUL DEMOCRAT LIBERAL,,1
SM2,SATU MARE,Silaghi Ovidiu Ioan ,PNL,31,PARTIDUL NAȚIONAL LIBERAL,3 sep. 2013,2
SM3,SATU MARE,Petric Octavian ,PSD,61,PARTIDUL SOCIAL DEMOCRAT,,1
SM4,SATU MARE,Erdei Dolóczki István ,UDMR,38,UNIUNEA DEMOCRATĂ MAGHIARĂ DIN ROMÂNIA,,1
SM5,SATU MARE,Kereskényi Gábor ,UDMR,38,UNIUNEA DEMOCRATĂ MAGHIARĂ DIN ROMÂNIA,,1
SV1,SUCEAVA,Băişanu Ştefan-Alexandru ,PNL,31,PARTIDUL NAȚIONAL LIBERAL,,1
SV10,SUCEAVA,Surugiu Iulian-Radu ,PNL,31,PARTIDUL NAȚIONAL LIBERAL,,1
SV2,SUCEAVA,Balan Ioan ,PDL,15,PARTIDUL DEMOCRAT LIBERAL,,1
SV3,SUCEAVA,Mîrza Gavril ,PSD,61,PARTIDUL SOCIAL DEMOCRAT,,1
SV4,SUCEAVA,Uricec Eugen Constantin ,PSD,61,PARTIDUL SOCIAL DEMOCRAT,,1
SV5,SUCEAVA,Stan Ioan ,PSD,61,PARTIDUL SOCIAL DEMOCRAT,,1
SV6,SUCEAVA,Galan Constantin ,PC-PLR,99,PARTIDUL CONSERVATOR PARTIDUL LIBERAL REFORMATOR,,1
SV7,SUCEAVA,Iane Ovidiu-Cristian ,PSD,61,PARTIDUL SOCIAL DEMOCRAT,,1
SV8,SUCEAVA,Bejinariu Eugen ,PSD,61,PARTIDUL SOCIAL DEMOCRAT,,1
SV9,SUCEAVA,Pardău Dumitru ,PNL,31,PARTIDUL NAȚIONAL LIBERAL,,1
TL1,TULCEA,Zaharcu Neviser ,PSD,61,PARTIDUL SOCIAL DEMOCRAT,,1
TL2,TULCEA,Avram Marian ,PSD,61,PARTIDUL SOCIAL DEMOCRAT,,1
TL3,TULCEA,Popa Octavian-Marius ,PNL,31,PARTIDUL NAȚIONAL LIBERAL,,1
TL4,TULCEA,Bălan Ion ,PSD,61,PARTIDUL SOCIAL DEMOCRAT,,1
TM1,TIMIS,Cristian Horia ,PNL,31,PARTIDUL NAȚIONAL LIBERAL,,1
TM10,TIMIS,Ciobanu Gheorghe ,PSD,61,PARTIDUL SOCIAL DEMOCRAT,,1
TM2,TIMIS,Grindeanu Sorin Mihai ,PSD,61,PARTIDUL SOCIAL DEMOCRAT,,1
TM3,TIMIS,Bîrsăşteanu Florică ,PSD,61,PARTIDUL SOCIAL DEMOCRAT,,1
TM4,TIMIS,Răducanu Ion ,PSD (membru UNPR),63,UNIUNEA NAȚIONALĂ PENTRU PROGRESUL ROMÂNIEI,,1
TM5,TIMIS,Popoviciu Alin Augustin Florin ,PDL,15,PARTIDUL DEMOCRAT LIBERAL,,1
TM6,TIMIS,Tiuch Cătălin ,PSD,61,PARTIDUL SOCIAL DEMOCRAT,,1
TM7,TIMIS,Stragea Sorin Constantin ,PSD,61,PARTIDUL SOCIAL DEMOCRAT,,1
TM8,TIMIS,Andea Petru ,PSD,61,PARTIDUL SOCIAL DEMOCRAT,,1
TM9,TIMIS,Covaci Dorel ,PSD,61,PARTIDUL SOCIAL DEMOCRAT,,1
TR1,TELEORMAN,Ştefănescu Elena Cătălina ,PSD,61,PARTIDUL SOCIAL DEMOCRAT,,1
TR2,TELEORMAN,Simionescu Adrian Constantin ,PSD,61,PARTIDUL SOCIAL DEMOCRAT,,1
TR3,TELEORMAN,Dragnea Nicolae-Liviu ,PSD,61,PARTIDUL SOCIAL DEMOCRAT,,1
TR4,TELEORMAN,Boboc Valentin Gabriel ,PSD,61,PARTIDUL SOCIAL DEMOCRAT,,1
TR5,TELEORMAN,Calotă Florică Ică ,PC-PLR,99,PARTIDUL CONSERVATOR PARTIDUL LIBERAL REFORMATOR,,1
TR6,TELEORMAN,Almăjanu Marin ,PNL,31,PARTIDUL NAȚIONAL LIBERAL,,1
VL1,VALCEA,Dobrinescu Traian ,PNL,31,PARTIDUL NAȚIONAL LIBERAL,,1
VL2,VALCEA,Rădulescu Constantin ,PSD,61,PARTIDUL SOCIAL DEMOCRAT,,1
VL3,VALCEA,Mazilu Constantin ,PSD (membru UNPR),63,UNIUNEA NAȚIONALĂ PENTRU PROGRESUL ROMÂNIEI,,1
VL4,VALCEA,Bleotu Vasile ,PSD,61,PARTIDUL SOCIAL DEMOCRAT,11 mar. 2014,2
VL5,VALCEA,Buican Cristian ,PNL,31,PARTIDUL NAȚIONAL LIBERAL,,1
VL6,VALCEA,Vlădoiu Aurel ,PSD,61,PARTIDUL SOCIAL DEMOCRAT,,1
VN1,VRANCEA,Nica Nicolae-Ciprian ,PSD,61,PARTIDUL SOCIAL DEMOCRAT,,1
VN2,VRANCEA,Tîlvăr Angel ,PSD,61,PARTIDUL SOCIAL DEMOCRAT,,1
VN3,VRANCEA,Săpunaru Nini ,PNL,31,PARTIDUL NAȚIONAL LIBERAL,,1
VN4,VRANCEA,Mitrea Miron Tudor ,PSD,61,PARTIDUL SOCIAL DEMOCRAT,,1
VN5,VRANCEA,Ţigăeru Roşca Laurenţiu ,PSD (membru UNPR),63,UNIUNEA NAȚIONALĂ PENTRU PROGRESUL ROMÂNIEI,,1
VN6,VRANCEA,Roman Victor ,PSD,61,PARTIDUL SOCIAL DEMOCRAT,,1
VS1,VASLUI,Cristea Victor ,PSD,61,PARTIDUL SOCIAL DEMOCRAT,,1
VS2,VASLUI,Bordeianu Dan ,PNL,31,PARTIDUL NAȚIONAL LIBERAL,,1
VS3,VASLUI,Ciurariu Florin ,PNL,31,PARTIDUL NAȚIONAL LIBERAL,,1
VS4,VASLUI,Solomon Adrian ,PSD,61,PARTIDUL SOCIAL DEMOCRAT,,1
VS5,VASLUI,Birchall Ana ,PSD,61,PARTIDUL SOCIAL DEMOCRAT,,1
VS6,VASLUI,Dima Toader ,PSD,61,PARTIDUL SOCIAL DEMOCRAT,,1
VS7,VASLUI,Stativă Irinel Ioan ,PSD,61,PARTIDUL SOCIAL DEMOCRAT,,1
